name,handedness,height,weight,avg,HR,bmi 
Fritz Peterson,B,72,185,0.159,2,2.57
Jeff Barkley,B,75,185,0,0,2.47
Pete Rose,B,71,192,0.303,160,2.7
Nardi Contreras,B,74,193,0,0,2.61
Bump Wills,B,69,172,0.266,36,2.49
Mickey Lolich,B,73,170,0.11,0,2.33
Ray Chadwick,B,74,180,0,0,2.43
Rusty Torres,B,70,175,0.212,35,2.5
Marty Martinez,B,72,170,0.243,0,2.36
Ken Singleton,B,76,210,0.282,246,2.76
Tony Scott,B,72,164,0.249,17,2.28
Steve Jeltz,B,71,180,0.21,5,2.54
Joe Lovitto,B,72,185,0.216,4,2.57
Dave Collins,B,71,175,0.272,32,2.46
Randy Scarbery,B,73,185,0,0,2.53
Manny Castillo,B,69,160,0.242,3,2.32
Mike Ramsey,B,73,170,0.24,2,2.33
Dave McKay,B,73,195,0.229,21,2.67
Barry Raziano,B,70,175,0,0,2.5
Bob Didier,B,72,190,0.229,0,2.64
Billy Smith,B,74,185,0.23,17,2.5
Jim Lefebvre,B,72,180,0.251,74,2.5
Ken Henderson,B,74,180,0.257,122,2.43
Horace Clarke,B,69,170,0.256,27,2.46
Jerry White,B,70,164,0.253,21,2.34
Paul Householder,B,72,180,0.236,29,2.5
Jimmy Stewart,B,72,165,0.237,8,2.29
Rafael Landestoy,B,70,165,0.237,4,2.36
Steve Burke,B,74,200,0,0,2.7
Rick Sweet,B,73,200,0.234,6,2.74
U L Washington,B,71,175,0.251,27,2.46
Mark Brown,B,74,190,0,0,2.57
Ted Kubiak,B,72,175,0.231,13,2.43
Bobby Brown,B,74,190,0.245,26,2.57
Lafayette Currence,B,71,175,0,0,2.46
Roy Smalley,B,73,185,0.257,163,2.53
Bert Bradley,B,73,190,0,0,2.6
Bud Harrelson,B,71,160,0.236,7,2.25
Derrel Thomas,B,72,160,0.249,43,2.22
Johnny Ray,B,71,170,0.29,53,2.39
Billy North,B,71,185,0.261,20,2.61
Roger Metzger,B,72,165,0.231,5,2.29
Fred Norman,B,68,155,0.125,0,2.28
Chuck Hockenbery,B,73,195,0,0,2.67
Steve Huntz,B,73,204,0.206,16,2.79
Don Kessinger,B,73,170,0.252,14,2.33
Richie Scheinblum,B,73,180,0.263,13,2.47
Jeff Schneider,B,75,195,0,0,2.6
Vida Blue,B,72,189,0.104,4,2.63
Albert Hall,B,71,155,0.251,5,2.18
Chris Bando,B,72,195,0.227,27,2.71
Larry Lintz,B,69,150,0.227,0,2.17
Jerry Hairston,B,70,170,0.258,30,2.43
Larry Bowa,B,70,155,0.26,15,2.21
Pete Filson,B,74,195,0,0,2.64
Steve Cummings,B,74,200,0,0,2.7
Bob Veale,B,78,212,0.114,0,2.72
Bob Stinson,B,71,180,0.25,33,2.54
Sandy Alomar,B,69,140,0.245,13,2.03
Miguel Dilone,B,72,160,0.265,6,2.22
Don Buford,B,67,160,0.264,93,2.39
Rodney Scott,B,72,160,0.236,3,2.22
Larry Milbourne,B,72,161,0.254,11,2.24
Bill Sudakis,B,73,190,0.234,59,2.6
Ron Oester,B,74,185,0.265,42,2.5
R.J. Reynolds,B,72,190,0.267,35,2.64
Paul Popovich,B,72,175,0.233,14,2.43
Buddy Biancalana,B,71,160,0.205,6,2.25
Wallace Johnson,B,72,173,0.255,5,2.4
Tom Tresh,B,73,180,0.245,153,2.47
Ron Roenicke,B,72,180,0.238,17,2.5
Biff Pocoroba,B,70,175,0.257,21,2.5
Joaquin Andujar,B,72,170,0.127,5,2.36
Bob Meacham,B,73,175,0.236,8,2.4
George Wright,B,71,180,0.245,42,2.54
Len Randle,B,70,169,0.257,27,2.41
Bryan Little,B,70,160,0.245,3,2.29
Rick Peters,B,69,170,0.277,2,2.46
Ted Simmons,B,71,193,0.285,248,2.72
John Bohnet,B,72,175,0,0,2.43
Al Weis,B,72,160,0.219,7,2.22
Joe Wallis,B,71,180,0.244,16,2.54
Alan Wiggins,B,74,160,0.259,5,2.16
Julio Cruz,B,69,165,0.237,23,2.39
Wes Parker,B,73,180,0.267,64,2.47
Reggie Smith,B,72,180,0.287,314,2.5
Roy White,B,70,160,0.271,160,2.29
Lee Mazzilli,B,73,180,0.259,93,2.47
Alan Ashby,B,74,185,0.245,90,2.5
Tim Blackwell,B,71,170,0.228,6,2.39
Steve Ontiveros,B,72,185,0.274,24,2.57
Darrell Brown,B,72,184,0.274,1,2.56
Wilbur Howard,B,74,170,0.25,6,2.3
Mike Young,B,74,195,0.247,72,2.64
Gene Michael,B,74,183,0.229,15,2.47
Vic Harris,B,71,165,0.217,13,2.32
Tito Fuentes,B,71,175,0.268,45,2.46
Butch Wynegar,B,73,190,0.255,65,2.6
Darrel Chaney,B,74,188,0.217,14,2.54
Jerry Mumphrey,B,74,185,0.289,70,2.5
Wayne Tolleson,B,69,160,0.241,9,2.32
Chico Ruiz,B,72,169,0.24,2,2.35
Buck Rodgers,B,74,190,0.232,31,2.57
Gary Lance,B,75,195,0,0,2.6
Joe Nolan,L,71,175,0.263,27,2.46
Denny Doyle,L,69,175,0.25,16,2.54
John LaRose,L,73,185,0,0,2.53
Frank Tepedino,L,71,185,0.241,6,2.61
Jerry Kutzler,L,73,175,0,0,2.4
Darrell Evans,L,74,200,0.248,414,2.7
Tommy McCraw,L,72,183,0.246,75,2.54
Britt Burns,L,77,215,0,0,2.79
Fred Whitfield,L,73,190,0.253,108,2.6
Jerry Garvin,L,75,195,0,0,2.6
Kevin Mmahat,L,77,220,0,0,2.86
Wayne Garrett,L,71,175,0.239,61,2.46
Tony Muser,L,74,180,0.259,7,2.43
Kevin Stanfield,L,72,190,0,0,2.64
Jim Lyttle,L,72,180,0.248,9,2.5
Scot Thompson,L,75,195,0.262,5,2.6
Gene Locklear,L,70,165,0.274,9,2.36
Pat Putnam,L,72,205,0.255,63,2.85
Bob Fallon,L,75,200,0,0,2.67
Chris Chambliss,L,73,195,0.279,185,2.67
Tom Satriano,L,73,185,0.225,21,2.53
Walt Bond,L,79,228,0.256,41,2.89
Omar Moreno,L,74,180,0.252,37,2.43
Tony Ferreira,L,73,160,0,0,2.19
Bryan Oelkers,L,75,192,0,0,2.56
Kevin Bearse,L,74,195,0,0,2.64
Bruce Boisclair,L,74,185,0.263,10,2.5
Jim Fairey,L,70,190,0.235,7,2.71
Gary Thomasson,L,73,180,0.249,61,2.47
Floyd Robinson,L,69,175,0.283,67,2.54
Lou Brock,L,71,170,0.293,149,2.39
Johnny Lewis,L,73,189,0.227,22,2.59
Ken Boswell,L,72,170,0.248,31,2.36
Willie Crawford,L,73,197,0.268,86,2.7
Mike Jones,L,78,215,0,0,2.76
Jeff Stone,L,72,175,0.277,11,2.43
Joe Lahoud,L,73,198,0.223,65,2.71
Tim Flannery,L,71,175,0.255,9,2.46
Zach Crouch,L,75,180,0,0,2.4
Greg Gross,L,70,160,0.287,7,2.29
Bruce Tanner,L,75,220,0,0,2.93
Jack Brohamer,L,70,165,0.245,30,2.36
Von Joshua,L,70,170,0.273,30,2.43
Eddie Milner,L,71,173,0.253,42,2.44
Tony Oliva,L,73,175,0.304,220,2.4
Johnny Oates,L,71,188,0.25,14,2.65
Pat Underwood,L,72,175,0,0,2.43
Mike Phillips,L,72,170,0.24,11,2.36
Jay Johnstone,L,73,175,0.267,102,2.4
Joel McKeon,L,72,185,0,0,2.57
Al Bumbry,L,68,170,0.281,54,2.5
Jake Gibbs,L,72,180,0.233,25,2.5
Garry Hancock,L,72,175,0.247,12,2.43
Ed Kranepool,L,75,205,0.261,118,2.73
Chuck Hiller,L,71,170,0.243,20,2.39
Jorge Orta,L,70,170,0.278,130,2.43
Bruce Robbins,L,73,190,0,0,2.6
Tony Gonzalez,L,69,170,0.286,103,2.46
Brian Dubois,L,70,165,0,0,2.36
Steve Whitaker,L,72,180,0.23,24,2.5
Manny Jimenez,L,73,185,0.272,26,2.53
Vance Lovelace,L,77,205,0,0,2.66
Wayne Gross,L,74,210,0.233,121,2.84
Ralph Botting,L,72,195,0,0,2.71
Terry Crowley,L,72,180,0.25,42,2.5
Tim Harkness,L,74,182,0.235,14,2.46
Jim French,L,68,180,0.196,5,2.65
Dave Roberts,L,75,195,0.194,7,2.6
Jim Mason,L,74,185,0.203,12,2.5
Willie Smith,L,72,182,0.248,46,2.53
Leon Durham,L,73,185,0.277,147,2.53
Dick Phillips,L,72,180,0.229,12,2.5
Ed Crosby,L,74,175,0.22,0,2.36
Larry Stahl,L,72,175,0.232,36,2.43
Jose Cruz,L,72,170,0.284,165,2.36
Don Mason,L,71,160,0.205,3,2.25
Jim Umbarger,L,78,200,0,0,2.56
Curt Wardle,L,77,220,0,0,2.86
Duane Walker,L,72,185,0.229,24,2.57
Rod Carew,L,72,170,0.328,92,2.36
Rick Manning,L,73,180,0.257,56,2.47
Israel Sanchez,L,69,170,0,0,2.46
Cesar Geronimo,L,72,165,0.258,51,2.29
Billy Bryan,L,76,200,0.216,41,2.63
Terry Whitfield,L,73,197,0.281,33,2.7
Fred Lynn,L,73,185,0.283,306,2.53
Graig Nettles,L,72,180,0.248,390,2.5
Narciso Elvira,L,70,160,0,0,2.29
Mike Easler,L,72,190,0.293,118,2.64
Rick Monday,L,75,193,0.264,241,2.57
Joe Keough,L,72,185,0.246,9,2.57
Tony Solaita,L,72,210,0.255,50,2.92
Ed Goodson,L,75,180,0.26,30,2.4
Len Whitehouse,L,71,175,0,0,2.46
Dick McAuliffe,L,71,176,0.247,197,2.48
Tom Hutton,L,71,180,0.248,22,2.54
Ron Hodges,L,73,185,0.24,19,2.53
Rich Chiles,L,71,170,0.254,6,2.39
Rusty Staub,L,74,190,0.279,292,2.57
Jim Norris,L,70,175,0.264,7,2.5
Oscar Gamble,L,71,160,0.265,200,2.25
George Vukovich,L,72,198,0.268,27,2.75
Joe Pactwa,L,71,185,0,0,2.61
Craig Reynolds,L,73,175,0.256,42,2.4
Al Oliver,L,72,195,0.303,219,2.71
Sherman Corbett,L,76,205,0,0,2.7
Milt May,L,72,190,0.263,77,2.64
Jim Nettles,L,72,186,0.22,16,2.58
Larry Biittner,L,74,205,0.273,29,2.77
Joe Simpson,L,75,175,0.242,9,2.33
Bill Fahey,L,72,200,0.241,7,2.78
Bernie Allen,L,72,175,0.239,73,2.43
Claudell Washington,L,72,190,0.278,164,2.64
John Donaldson,L,71,160,0.238,4,2.25
Mike Smithson,L,80,215,0,0,2.69
John Mayberry,L,75,215,0.253,255,2.87
Dan Briggs,L,72,180,0.195,12,2.5
Pete Ward,L,73,185,0.254,98,2.53
Duke Sims,L,74,197,0.239,100,2.66
Mike Davis,L,74,175,0.259,91,2.36
Jerry Reuss,L,77,200,0.167,1,2.6
Danny Goodwin,L,73,195,0.236,13,2.67
Bob Knepper,L,75,195,0.137,6,2.6
Mickey Rivers,L,70,165,0.295,61,2.36
Jim Northrup,L,75,190,0.267,153,2.53
John Hale,L,74,195,0.201,14,2.64
Reggie Ritter,L,74,195,0,0,2.64
Carl Yastrzemski,L,71,175,0.285,452,2.46
Gates Brown,L,71,220,0.257,84,3.1
Ken Landreaux,L,70,165,0.268,91,2.36
Ray Webster,L,72,185,0.244,17,2.57
Bobby Mitchell,L,70,170,0.243,3,2.43
Bruce Bochte,L,75,195,0.282,100,2.6
Bernie Carbo,L,71,173,0.264,96,2.44
Vic Davalillo,L,67,150,0.279,36,2.24
John Lowenstein,L,72,175,0.253,116,2.43
Joe Hague,L,72,195,0.239,40,2.71
Bake McBride,L,74,190,0.299,63,2.57
Ed Herrmann,L,73,195,0.24,80,2.67
Mike Rochford,L,76,205,0,0,2.7
Bob Molinaro,L,72,190,0.264,14,2.64
Mike Hegan,L,73,188,0.242,53,2.58
Angel Moreno,L,69,165,0,0,2.39
Rob Wilfong,L,73,180,0.248,39,2.47
Randy Wiles,L,73,185,0,0,2.53
John Milner,L,72,185,0.249,131,2.57
Rich Reese,L,75,185,0.253,52,2.47
Bill Buckner,L,72,185,0.289,174,2.57
Jeff Schattinger,L,77,200,0,0,2.6
Darrell Porter,L,72,193,0.247,188,2.68
Tim Johnson,L,73,170,0.223,0,2.33
Tim Corcoran,L,71,175,0.27,12,2.46
Jim Spencer,L,74,195,0.25,146,2.64
Pete LaCock,L,74,200,0.257,27,2.7
Matty Alou,L,69,160,0.307,31,2.32
Jim Dwyer,L,70,165,0.26,77,2.36
Dalton Jones,L,73,180,0.235,41,2.47
Clint Hurdle,L,75,195,0.259,32,2.6
Jeff Twitty,L,74,185,0,0,2.5
Boots Day,L,69,160,0.256,8,2.32
Don Mincher,L,75,205,0.249,200,2.73
Jim Gosger,L,71,185,0.226,30,2.61
Marvell Wynne,L,71,175,0.247,40,2.46
Dave Marshall,L,73,182,0.246,16,2.49
Roger Repoz,L,75,190,0.224,82,2.53
Johnny Briggs,L,73,190,0.253,139,2.6
Bob Jones,L,74,195,0.221,20,2.64
Keith Hernandez,L,72,180,0.296,162,2.5
Willie Upshaw,L,72,185,0.262,123,2.57
Dane Iorg,L,72,180,0.276,14,2.5
Richie Hebner,L,73,195,0.276,203,2.67
Gene Richards,L,72,175,0.29,26,2.43
Al Woods,L,75,190,0.271,35,2.53
Rudy Law,L,73,165,0.271,18,2.26
Joel Davis,L,77,205,0,0,2.66
Mike Fiore,L,72,175,0.227,13,2.43
Bobby Tolan,L,71,170,0.265,86,2.39
Steve Barr,L,76,200,0,0,2.63
Jose Tartabull,L,71,165,0.261,2,2.32
Ben Oglivie,L,74,160,0.273,235,2.16
Duane Kuiper,L,72,175,0.271,1,2.43
Jerry Narron,L,75,205,0.211,21,2.73
Ken Retzer,L,72,185,0.264,14,2.57
Greg Walker,L,75,205,0.26,113,2.73
Steve Davis,L,73,195,0,0,2.67
Jeff Rineer,L,76,205,0,0,2.7
Reggie Jackson,L,72,195,0.262,563,2.71
Sonny Jackson,L,69,150,0.251,7,2.17
Mark Mercer,L,77,220,0,0,2.86
Rich Coggins,L,68,170,0.265,12,2.5
Mitchell Page,L,74,205,0.266,72,2.77
Glenn Adams,L,73,180,0.28,34,2.47
Joe Morgan,L,67,160,0.271,268,2.39
Lee Thomas,L,74,195,0.255,106,2.64
John Stephenson,L,71,180,0.216,12,2.54
Doug Clemens,L,72,180,0.229,12,2.5
Steve Braun,L,70,180,0.271,52,2.57
Ty Cline,L,72,170,0.238,6,2.36
Thad Bosley,L,75,175,0.272,20,2.33
Jimmie Hall,L,72,175,0.254,121,2.43
Brock Davis,L,70,160,0.26,1,2.29
Curt Blefary,L,74,195,0.237,112,2.64
Mack Jones,L,73,180,0.252,133,2.47
Hosken Powell,L,73,175,0.259,17,2.4
Dave Stapleton,L,73,185,0,0,2.53
Dan Meyer,L,71,180,0.253,86,2.54
Jim Holt,L,72,180,0.265,19,2.5
Gary Christenson,L,77,200,0,0,2.6
Mike Kinnunen,L,73,185,0,0,2.53
Dave Rajsich,L,77,175,0,0,2.27
Bill Voss,L,74,160,0.227,19,2.16
Wayne Krenchicki,L,73,180,0.266,15,2.47
Ray Sadecki,L,71,180,0.191,5,2.54
Len Matuszek,L,74,190,0.234,30,2.57
Joe Lefebvre,L,70,170,0.258,31,2.43
Jim Maloney,L,74,190,0.201,7,2.57
Phil Mankowski,L,72,180,0.264,8,2.5
Mike Lum,L,72,180,0.247,90,2.5
Johnny Grubb,L,75,175,0.278,99,2.33
Mike Pazik,L,74,195,0,0,2.64
Jim Traber,L,72,194,0.227,27,2.69
Ron Stone,L,74,185,0.241,6,2.5
Ted Uhlaender,L,74,190,0.263,36,2.57
Bobby Murcer,L,71,160,0.277,252,2.25
Mark Souza,L,72,180,0,0,2.5
Rick Jones,L,77,190,0,0,2.47
Steve Kemp,L,72,195,0.278,130,2.71
Mike Hargrove,L,72,195,0.29,80,2.71
Steve Hovley,L,70,188,0.258,8,2.69
Luis Quintana,L,74,175,0,0,2.36
Sam McDowell,L,77,190,0.154,2,2.47
Pat Kelly,L,73,185,0.264,76,2.53
Jerry Turner,L,69,180,0.257,45,2.61
Sandy Valdespino,L,68,170,0.23,7,2.5
Ken Phelps,L,73,209,0.239,123,2.86
Brian Snyder,L,75,185,0,0,2.47
Rick Sofield,L,73,195,0.243,9,2.67
Dave May,L,70,186,0.251,96,2.66
Willie Aikens,L,75,220,0.271,110,2.93
Mike Cubbage,L,72,180,0.258,34,2.5
Merritt Ranew,L,71,170,0.247,8,2.39
Lyman Bostock,L,73,180,0.311,23,2.47
Roy Howell,L,73,190,0.261,80,2.6
Boog Powell,L,76,230,0.266,339,3.03
Dennis DeBarr,L,74,190,0,0,2.57
Dan Driessen,L,71,187,0.267,153,2.63
Hal King,L,73,200,0.214,24,2.74
Ed Ott,L,70,190,0.259,33,2.71
Ed Hodge,L,74,192,0,0,2.59
Jim Campbell,L,71,175,0,0,2.46
Joe Pepitone,L,74,185,0.258,219,2.5
Steve Barber,L,72,195,0.115,5,2.71
Norm Miller,L,70,185,0.238,24,2.64
Bob Galasso,L,73,205,0,0,2.81
Bob Chance,L,74,196,0.261,24,2.65
Juan Nieves,L,75,175,0,0,2.33
Rudy Meoli,L,69,165,0.212,2,2.39
Ruppert Jones,L,70,170,0.25,147,2.43
Terry Francona,L,73,190,0.274,16,2.6
Ralph Garr,L,71,185,0.306,75,2.61
Broderick Perkins,L,70,180,0.271,8,2.57
Len Gabrielson,L,76,210,0.253,37,2.76
Johnny Edwards,L,76,220,0.242,81,2.89
Bruce Ellingsen,L,72,180,0,0,2.5
Gorman Heimueller,L,76,195,0,0,2.57
Clay Dalrymple,L,72,190,0.233,55,2.64
Carlos May,L,71,200,0.274,90,2.82
Mike Brumley,L,70,195,0.229,5,2.79
Al Luplow,L,70,175,0.235,33,2.5
Willie Stargell,L,74,188,0.282,475,2.54
Steve Carlton,L,76,210,0.201,13,2.76
Del Unser,L,73,180,0.258,87,2.47
Ron Blomberg,L,73,195,0.293,52,2.67
Willie Montanez,L,72,170,0.275,139,2.36
Mike Squires,L,71,185,0.26,6,2.61
Champ Summers,L,74,205,0.255,54,2.77
Tom Haller,L,76,195,0.257,134,2.57
Ed Stroud,L,71,180,0.237,14,2.54
Harry Spilman,L,73,180,0.237,18,2.47
Daryl Sconiers,L,74,185,0.265,15,2.5
Leron Lee,L,72,196,0.25,31,2.72
Willie Davis,L,74,180,0.279,182,2.43
Jerry Kenney,L,73,170,0.237,7,2.33
Dan Morogiello,L,73,200,0,0,2.74
Tom Matchick,L,73,173,0.215,4,2.37
Jack Perconte,L,70,160,0.27,2,2.29
Ed Kirkpatrick,L,71,195,0.238,85,2.75
Ellie Hendricks,L,73,175,0.22,62,2.4
Art Shamsky,L,73,168,0.253,68,2.3
Dick Nen,L,74,200,0.224,21,2.7
Rowland Office,L,72,170,0.259,32,2.36
Rick Leach,L,73,180,0.268,18,2.47
Dwayne Murphy,L,73,185,0.246,166,2.53
Larry Harlow,L,74,185,0.248,12,2.5
Mike Epstein,L,75,230,0.244,130,3.07
Jason Thompson,L,76,200,0.261,208,2.63
Mike Jorgensen,L,72,195,0.243,95,2.71
Cecil Cooper,L,74,165,0.298,241,2.23
John Poloni,L,77,210,0,0,2.73
Dave Revering,L,76,210,0.265,62,2.76
Curt Ford,L,70,150,0.245,7,2.14
Mike Willis,L,74,205,0,0,2.77
Bob Burda,L,71,174,0.224,13,2.45
Jesse Gonder,L,70,180,0.251,26,2.57
Dave Rader,L,71,165,0.257,30,2.32
Bill Sharp,L,70,178,0.255,9,2.54
Gail Hopkins,L,70,198,0.266,25,2.83
Doug Frobel,L,76,196,0.201,20,2.58
Jerry Augustine,L,72,183,0,0,2.54
Jeff Holly,L,77,210,0,0,2.73
Tom Poquette,L,70,175,0.268,10,2.5
Brian Asselstine,L,73,175,0.254,12,2.4
Rick Miller,L,72,175,0.269,28,2.43
Jerry Remy,L,69,165,0.275,7,2.39
Larry Rothschild,L,74,180,0,0,2.43
Tom O'Malley,L,72,180,0.256,13,2.5
Tom Brown,R,73,170,0,0,2.33
Denny Lemaster,R,73,182,0.13,4,2.49
Jose Cardenal,R,70,150,0.275,138,2.14
Mike Ryan,R,74,205,0.193,28,2.77
Dick Bertell,R,72,200,0.25,10,2.78
Rod Kanehl,R,73,180,0.241,6,2.47
Ozzie Osborn,R,74,195,0,0,2.64
Jeff Byrd,R,75,195,0,0,2.6
Juan Bonilla,R,69,170,0.256,7,2.46
Rick Wise,R,73,180,0.195,15,2.47
Buck Martinez,R,70,190,0.225,58,2.71
John Wockenfuss,R,72,190,0.262,86,2.64
Eric Wilkins,R,73,190,0,0,2.6
Lee Lacy,R,73,175,0.286,91,2.4
Danny Walton,R,72,195,0.223,28,2.71
Bobby Cox,R,71,180,0.225,9,2.54
Brad Wellman,R,72,170,0.231,6,2.36
Jeff Newman,R,74,215,0.224,63,2.91
Pedro Gonzalez,R,72,176,0.244,8,2.44
Tommie Reynolds,R,74,190,0.226,12,2.57
Gene Clines,R,69,170,0.277,5,2.46
Jim Hickman,R,75,192,0.252,159,2.56
Jack Billingham,R,76,195,0.111,0,2.57
Jerry Buchek,R,71,185,0.22,22,2.61
Ivan DeJesus,R,71,175,0.254,21,2.46
Gary Nolan,R,74,197,0.138,1,2.66
Gil Patterson,R,73,185,0,0,2.53
Larry Dierker,R,76,215,0.136,4,2.83
Dave Skaggs,R,74,200,0.241,3,2.7
Dick Ruthven,R,75,190,0.183,1,2.53
Steve Eddy,R,74,185,0,0,2.5
Dave Kingman,R,78,210,0.236,442,2.69
Eric Soderholm,R,71,187,0.264,102,2.63
Ed Brinkman,R,72,170,0.224,60,2.36
Jim Siwy,R,76,200,0,0,2.63
Bud Anderson,R,75,210,0,0,2.8
Ted Ford,R,70,180,0.219,17,2.57
John Butcher,R,76,185,0,0,2.43
Jerry Ujdur,R,73,195,0,0,2.67
Bo Diaz,R,71,185,0.255,87,2.61
Brian Denman,R,76,205,0,0,2.7
Kurt Bevacqua,R,72,180,0.236,27,2.5
Syd O'Brien,R,73,185,0.23,24,2.53
Jeffrey Leonard,R,74,200,0.266,144,2.7
Dal Maxvill,R,71,157,0.217,6,2.21
Steve Curry,R,78,217,0,0,2.78
Cesar Tovar,R,69,155,0.278,46,2.25
Jack Heidemann,R,72,175,0.211,9,2.43
Rich Rollins,R,70,185,0.269,77,2.64
Merv Rettenmund,R,70,190,0.271,66,2.71
Bryan Clutterbuck,R,76,223,0,0,2.93
Byron Browne,R,74,190,0.236,30,2.57
Hector Torres,R,72,175,0.216,18,2.43
Walt Williams,R,66,165,0.27,33,2.5
Jerry Koosman,R,74,205,0.119,2,2.77
Steve Lombardozzi,R,72,175,0.233,20,2.43
Joe Azcue,R,72,190,0.252,50,2.64
Elliott Maddox,R,71,180,0.261,18,2.54
Julian Javier,R,73,175,0.257,78,2.4
Elio Chacon,R,69,160,0.232,4,2.32
John Stearns,R,72,185,0.26,46,2.57
Larry Brown,R,70,160,0.233,47,2.29
Tommy Dean,R,72,165,0.18,4,2.29
Frank White,R,71,165,0.255,160,2.32
Jose Roman,R,72,175,0,0,2.43
Tom Brookens,R,70,165,0.246,71,2.36
Mike Trujillo,R,73,180,0,0,2.47
Albert Williams,R,76,190,0,0,2.5
Oswaldo Peraza,R,76,172,0,0,2.26
Otto Velez,R,72,170,0.251,78,2.36
Ray Oyler,R,71,165,0.175,15,2.32
Barry Cort,R,77,210,0,0,2.73
Bill Wilkinson,R,70,160,0,0,2.29
Mike Loynd,R,76,210,0,0,2.76
Wayne Comer,R,70,175,0.229,16,2.5
Ed Spiezio,R,71,180,0.238,39,2.54
Rico Petrocelli,R,72,175,0.251,210,2.43
Dick Simpson,R,76,176,0.207,15,2.32
Ken McMullen,R,75,190,0.248,156,2.53
Steve Swisher,R,74,205,0.216,20,2.77
Ben Callahan,R,79,230,0,0,2.91
Dick Howser,R,68,155,0.248,16,2.28
Bobby Cuellar,R,71,188,0,0,2.65
Willie Norwood,R,72,185,0.242,18,2.57
Ramon Manon,R,72,150,0,0,2.08
John Trautwein,R,75,205,0,0,2.73
Andy Replogle,R,77,205,0,0,2.66
Benny Ayala,R,73,185,0.251,38,2.53
Ron Romanick,R,76,195,0,0,2.57
Sal Butera,R,72,190,0.227,8,2.64
Johnny Jeter,R,73,180,0.244,18,2.47
Angel Salazar,R,72,180,0.212,2,2.5
Cito Gaston,R,75,190,0.256,91,2.53
Cookie Rojas,R,70,160,0.263,54,2.29
Rich Morales,R,71,170,0.195,6,2.39
Dave Ford,R,76,190,0,0,2.5
Dan Ford,R,73,185,0.27,121,2.53
Darryl Motley,R,69,196,0.243,44,2.84
Ozzie Virgil,R,73,180,0.243,98,2.47
Ron Santo,R,72,190,0.277,342,2.64
Jim Ray Hart,R,71,185,0.278,170,2.61
Marc Hill,R,75,205,0.223,34,2.73
Danny Fife,R,75,175,0,0,2.33
Chico Salmon,R,70,160,0.249,31,2.29
Joe Niekro,R,73,185,0.156,1,2.53
Andy Etchebarren,R,73,190,0.235,49,2.6
Ken Berry,R,72,175,0.255,58,2.43
Dave Concepcion,R,74,155,0.267,101,2.09
Junior Moore,R,71,185,0.264,7,2.61
Mike Richardt,R,72,170,0.226,4,2.36
Chris Brown,R,72,185,0.269,38,2.57
Al Downing,R,71,175,0.127,2,2.46
Rick Rhoden,R,75,195,0.238,9,2.6
Denny McLain,R,73,185,0.133,1,2.53
Dave Cash,R,71,170,0.283,21,2.39
Bucky Dent,R,69,170,0.247,40,2.46
Andy Beene,R,75,205,0,0,2.73
Leon Hooten,R,71,180,0,0,2.54
Larry Haney,R,74,195,0.215,12,2.64
Billy Conigliaro,R,72,180,0.256,40,2.5
Gary Roenicke,R,75,205,0.247,121,2.73
Don Lock,R,74,195,0.238,122,2.64
Billy Cowan,R,72,170,0.236,40,2.36
Allan Ramirez,R,70,180,0,0,2.57
Tony Perez,R,74,175,0.279,379,2.36
Chuck Schilling,R,70,160,0.239,23,2.29
Hal McRae,R,71,180,0.29,191,2.54
Dave Roberts,R,75,215,0.239,49,2.87
Brian Allard,R,73,175,0,0,2.4
Fernando Arroyo,R,74,180,0,0,2.43
Gary Beare,R,76,205,0,0,2.7
Charlie Spikes,R,75,215,0.246,65,2.87
Chris Batton,R,76,195,0,0,2.57
Duffy Dyer,R,72,187,0.221,30,2.6
Greg Thayer,R,71,182,0,0,2.56
Vern Fuller,R,73,170,0.232,14,2.33
Paul Hartzell,R,77,200,0,0,2.6
Mike Champion,R,72,185,0.229,2,2.57
Paul Casanova,R,76,180,0.225,50,2.37
Steve Rogers,R,74,175,0.138,0,2.36
Keith Creel,R,74,180,0,0,2.43
Lou Clinton,R,73,185,0.247,65,2.53
Larry Cox,R,70,178,0.221,12,2.54
Nate Colbert,R,74,190,0.243,173,2.57
Phil Roof,R,74,190,0.215,43,2.57
Chuck Hinton,R,73,180,0.264,113,2.47
Tim Cullen,R,73,185,0.22,9,2.53
Rick Bosetti,R,71,185,0.25,17,2.61
Ron Pruitt,R,72,185,0.269,12,2.57
George Foster,R,73,180,0.274,348,2.47
Angel Mangual,R,70,178,0.245,22,2.54
Ken Gerhart,R,72,190,0.221,24,2.64
Mike Hershberger,R,70,175,0.252,26,2.5
Mike Smith,R,75,180,0,0,2.4
T.R. Bryden,R,76,190,0,0,2.5
Jose Arcia,R,75,170,0.215,1,2.27
Tom Makowski,R,71,185,0,0,2.61
Aurelio Rodriguez,R,70,180,0.237,124,2.57
Andres Thomas,R,73,170,0.234,42,2.33
Mike de la Hoz,R,71,175,0.251,25,2.46
Frank Taveras,R,72,155,0.255,2,2.15
Joe Nossek,R,72,178,0.228,3,2.47
Bill Robinson,R,74,189,0.258,166,2.55
Sal Bando,R,72,195,0.254,242,2.71
George Mitterwald,R,74,195,0.236,76,2.64
Mike Darr,R,76,190,0,0,2.5
Craig Robinson,R,70,165,0.219,0,2.36
Bob Tillman,R,76,205,0.232,79,2.7
Pat Corrales,R,72,180,0.216,4,2.5
Mike Tyson,R,69,170,0.241,27,2.46
Duane Josephson,R,72,190,0.258,23,2.64
Glenn Hubbard,R,69,150,0.244,70,2.17
Roger Freed,R,72,190,0.245,22,2.64
George Hendrick,R,75,195,0.278,267,2.6
Bob Davis,R,72,180,0.197,6,2.5
Toby Harrah,R,72,175,0.264,195,2.43
Gary Matthews,R,74,185,0.281,234,2.5
Terry Taylor,R,73,180,0,0,2.47
Mario Mendoza,R,71,170,0.215,4,2.39
Larry Hisle,R,74,193,0.273,166,2.61
Randy Nosek,R,76,215,0,0,2.83
Dave Engle,R,75,210,0.262,31,2.8
Mark Smith,R,74,215,0,0,2.91
Paul Mitchell,R,73,195,0,0,2.67
Thurman Munson,R,71,190,0.292,113,2.68
Mike Sadek,R,69,165,0.226,5,2.39
Mark Belanger,R,73,170,0.228,20,2.33
Ron Hunt,R,72,186,0.273,39,2.58
Butch Edge,R,75,203,0,0,2.71
Vic Correll,R,70,185,0.229,29,2.64
Jackie Hernandez,R,71,165,0.208,12,2.32
Gary Mielke,R,75,185,0,0,2.47
Rick Henninger,R,78,225,0,0,2.88
Joe Foy,R,72,215,0.248,58,2.99
Mickey Klutts,R,71,170,0.241,14,2.39
Leroy Stanton,R,73,195,0.244,77,2.67
Rafael Vasquez,R,72,160,0,0,2.22
Danny Ainge,R,76,175,0.22,2,2.3
Adolfo Phillips,R,73,175,0.247,59,2.4
Marv Breeding,R,72,175,0.25,7,2.43
Steve Adkins,R,78,210,0,0,2.69
Joe Horlen,R,72,170,0.134,0,2.36
Glenn Burke,R,72,195,0.237,2,2.71
Tony Mack,R,70,177,0,0,2.53
Terry Humphrey,R,75,185,0.211,6,2.47
Bill Moran,R,76,210,0,0,2.76
Enzo Hernandez,R,68,155,0.224,2,2.28
Cesar Gutierrez,R,69,155,0.235,0,2.25
Coco Laboy,R,70,165,0.233,28,2.36
Jim Morrison,R,71,175,0.26,112,2.46
Tom Gilles,R,73,185,0,0,2.53
Bobby Knoop,R,73,170,0.236,56,2.33
Tom Paciorek,R,76,215,0.282,86,2.83
Gary Woods,R,74,185,0.243,13,2.5
Bob Montgomery,R,73,195,0.258,23,2.67
Jeff Burroughs,R,73,200,0.261,240,2.74
Bob Kammeyer,R,76,210,0,0,2.76
Paul Blair,R,72,168,0.25,134,2.33
Al Cowens,R,73,197,0.27,108,2.7
Dave Hilton,R,71,191,0.213,6,2.69
Luis Alvarado,R,69,162,0.214,5,2.35
Larry Parrish,R,75,190,0.263,256,2.53
Woodie Fryman,R,75,197,0.138,2,2.63
Bob Randall,R,74,175,0.257,1,2.36
Jim Pankovits,R,70,170,0.25,9,2.43
Carmen Fanzone,R,72,200,0.224,20,2.78
Gary Allenson,R,71,185,0.221,19,2.61
Mike Vail,R,73,180,0.279,34,2.47
Nick Esasky,R,75,200,0.25,122,2.67
Chris Cannizzaro,R,72,190,0.235,18,2.64
John Pawlowski,R,74,175,0,0,2.36
Mel Stottlemyre,R,73,178,0.16,7,2.44
Jack Hardy,R,74,175,0,0,2.36
Ron Musselman,R,74,185,0,0,2.5
Tony Chevez,R,71,177,0,0,2.49
Andy Messersmith,R,73,200,0.17,5,2.74
Richie Zisk,R,73,200,0.287,207,2.74
Dave Chalk,R,70,175,0.252,15,2.5
Don Baylor,R,73,190,0.26,338,2.6
John Vukovich,R,73,187,0.161,6,2.56
Danny Thompson,R,72,183,0.248,15,2.54
Doug Camilli,R,71,195,0.199,18,2.75
Bruce Bochy,R,75,205,0.239,26,2.73
Gary Ignasiak,R,71,185,0,0,2.61
Ken Reitz,R,72,180,0.26,68,2.5
Amos Otis,R,71,165,0.277,193,2.32
Gene Alley,R,70,160,0.254,55,2.29
Ted Sizemore,R,70,165,0.262,23,2.36
Joe Skalski,R,75,190,0,0,2.53
Doug Flynn,R,71,165,0.238,7,2.32
Ken Holtzman,R,74,175,0.163,2,2.36
Kevin Bell,R,72,195,0.222,13,2.71
Tom Nieto,R,73,193,0.205,5,2.64
Larvell Blanks,R,68,167,0.253,20,2.46
Francisco Barrios,R,71,155,0,0,2.18
Steve Yeager,R,72,190,0.228,102,2.64
Pedro Garcia,R,70,175,0.22,37,2.5
Bob Babcock,R,77,210,0,0,2.73
Craig Eaton,R,71,175,0,0,2.46
Art Howe,R,74,190,0.26,43,2.57
Ike Brown,R,72,190,0.256,20,2.64
Howie Goss,R,76,204,0.216,11,2.68
Glenn Borgmann,R,76,210,0.229,16,2.76
Lamar Johnson,R,74,215,0.287,64,2.91
Julio Gonzalez,R,71,162,0.235,4,2.28
Bobby Klaus,R,70,170,0.208,6,2.43
Manny Sanguillen,R,72,193,0.296,65,2.68
Jesus Alou,R,74,190,0.28,32,2.57
Enos Cabell,R,76,170,0.277,60,2.24
Roy Branch,R,72,175,0,0,2.43
Juan Beniquez,R,71,150,0.274,79,2.11
Frank Fernandez,R,72,185,0.199,39,2.57
Bombo Rivera,R,70,187,0.265,10,2.67
Steve Brye,R,72,190,0.258,30,2.64
Ron Jackson,R,72,200,0.259,56,2.78
Rufino Linares,R,72,170,0.27,11,2.36
Bob Kearney,R,72,190,0.233,27,2.64
Fergie Jenkins,R,77,205,0.165,13,2.66
Dick Dietz,R,73,195,0.261,66,2.67
Ted Cox,R,75,195,0.245,10,2.6
Bobby Mitchell,R,75,185,0.235,21,2.47
Barry Evans,R,73,180,0.251,2,2.47
Mickey Brantley,R,70,180,0.259,32,2.57
Al Gallagher,R,72,180,0.263,11,2.5
Rob Woodward,R,75,185,0,0,2.47
Hector Cruz,R,71,170,0.225,39,2.39
Woody Woodward,R,74,180,0.236,1,2.43
Ted Martinez,R,72,165,0.24,7,2.29
Jim Anderson,R,72,170,0.218,13,2.36
Lenn Sakata,R,69,160,0.23,25,2.32
Dave Duncan,R,74,190,0.214,109,2.57
Randy Jones,R,72,178,0.132,0,2.47
Dick Billings,R,73,195,0.227,16,2.67
Bob Veselic,R,72,175,0,0,2.43
Burt Hooton,R,73,210,0.123,4,2.88
Bob Ferris,R,78,225,0,0,2.88
Fernando Gonzalez,R,70,165,0.235,17,2.36
Jim Sundberg,R,72,190,0.248,95,2.64
Andy Kosco,R,75,205,0.236,73,2.73
Gary Wheelock,R,75,205,0,0,2.73
Lenny Faedo,R,72,170,0.251,5,2.36
Dick Davis,R,75,190,0.265,27,2.53
Mike Diaz,R,74,195,0.247,31,2.64
Tim Foli,R,72,179,0.251,25,2.49
Alan Knicely,R,72,190,0.213,12,2.64
Tim Laudner,R,75,212,0.225,77,2.83
Jose Morales,R,71,187,0.287,26,2.63
Luis Encarnacion,R,70,178,0,0,2.54
Rick Kreuger,R,74,185,0,0,2.5
Juan Marichal,R,72,185,0.165,4,2.57
Roger Weaver,R,75,190,0,0,2.53
Stan Papi,R,72,170,0.218,7,2.36
Chris Knapp,R,77,195,0,0,2.53
Steve Henderson,R,74,190,0.28,68,2.57
Rob Picciolo,R,74,185,0.234,17,2.5
Don Welchel,R,76,205,0,0,2.7
Roberto Pena,R,68,170,0.245,13,2.5
Bob Dernier,R,72,160,0.255,23,2.22
Bill Melton,R,74,200,0.253,160,2.7
Barbaro Garbey,R,70,170,0.267,11,2.43
Jack Hiatt,R,74,190,0.251,22,2.57
Nelson Mathews,R,76,195,0.223,22,2.57
Ron Theobald,R,68,165,0.248,2,2.43
Dewey Robinson,R,72,180,0,0,2.5
Rafael Santana,R,73,165,0.246,13,2.26
Tony Arnold,R,71,170,0,0,2.39
Ike Brookens,R,77,170,0,0,2.21
Tommie Aaron,R,75,190,0.229,13,2.53
Steve Dillard,R,73,180,0.243,13,2.47
Win Remmerswaal,R,74,160,0,0,2.16
Jeff Peterek,R,74,195,0,0,2.64
George Scott,R,74,200,0.268,271,2.7
Jeff Shaver,R,75,195,0,0,2.6
Ken Walters,R,73,180,0.231,11,2.47
Gorman Thomas,R,74,210,0.225,268,2.84
Paul Dade,R,73,185,0.27,10,2.53
Fred Stanley,R,70,165,0.216,10,2.36
Carl Morton,R,72,200,0.156,7,2.78
Gary Gray,R,72,187,0.24,24,2.6
Rennie Stennett,R,71,160,0.274,41,2.25
Jim Gideon,R,75,190,0,0,2.53
Jerry May,R,74,190,0.234,15,2.57
Rich McKinney,R,71,185,0.225,20,2.61
Mike Andrews,R,75,195,0.258,66,2.6
Bobby Clark,R,72,190,0.239,19,2.64
Cliff Johnson,R,76,215,0.258,196,2.83
Donn Clendenon,R,76,209,0.274,159,2.75
Charlie James,R,73,195,0.255,29,2.67
Bob Horner,R,73,195,0.277,218,2.67
Tom Veryzer,R,73,175,0.241,14,2.4
Jose Cecena,R,71,180,0,0,2.54
George Smith,R,70,170,0.205,9,2.43
Jim Essian,R,74,195,0.244,33,2.64
Onix Concepcion,R,66,160,0.239,3,2.42
Brian Giles,R,73,165,0.228,10,2.26
Garry Maddox,R,75,175,0.285,117,2.33
Alex Trevino,R,70,165,0.249,23,2.36
Jim Price,R,72,192,0.214,18,2.67
Felix Millan,R,71,172,0.279,22,2.42
Steve Garvey,R,70,192,0.294,272,2.74
Greg Erardi,R,73,190,0,0,2.6
Jim Farr,R,73,195,0,0,2.67
Tony Cloninger,R,72,210,0.192,11,2.92
Chuck Harrison,R,70,185,0.238,17,2.64
Mike Ivie,R,75,205,0.269,81,2.73
Frank Dimichele,R,75,205,0,0,2.73
Dusty Baker,R,74,183,0.278,242,2.47
Tucker Ashford,R,73,195,0.218,6,2.67
Ned Yost,R,73,190,0.212,16,2.6
Mike Warren,R,73,175,0,0,2.4
Gaylord Perry,R,76,205,0.131,6,2.7
Mickey Hatcher,R,74,200,0.28,38,2.7
Bill Fulton,R,75,195,0,0,2.6
John Orsino,R,75,215,0.249,40,2.87
Larry Anderson,R,75,190,0,0,2.53
Craig Mitchell,R,75,180,0,0,2.4
Dave Hostetler,R,76,215,0.229,37,2.83
Alfredo Martinez,R,75,185,0,0,2.47
Dean Chance,R,75,200,0.066,0,2.67
Dick Green,R,70,180,0.24,80,2.57
Fran Healy,R,77,220,0.25,20,2.86
Doc Edwards,R,74,215,0.238,15,2.91
Joe Strain,R,70,169,0.25,1,2.41
Buddy Bell,R,73,180,0.279,201,2.47
Jody Davis,R,76,192,0.245,127,2.53
Mike Edwards,R,70,154,0.25,2,2.2
Bill Mooneyham,R,72,175,0,0,2.43
John Hobbs,R,75,190,0,0,2.53
Deron Johnson,R,74,200,0.244,245,2.7
John Denny,R,75,185,0.17,0,2.47
Don Wert,R,70,162,0.242,77,2.31
Greg Luzinski,R,73,220,0.276,307,3.01
Karl Best,R,76,190,0,0,2.5
Ron Woods,R,70,168,0.233,26,2.4
Tony Horton,R,75,210,0.268,76,2.8
Randy Hundley,R,71,170,0.236,82,2.39
Luis Sanchez,R,74,170,0,0,2.3
Bob Johnson,R,70,175,0.272,44,2.5
Brant Alyea,R,75,215,0.247,38,2.87
Lou Johnson,R,71,170,0.258,48,2.39
Mike Brown,R,74,195,0.265,23,2.64
Mike Brown,R,74,195,0,0,2.64
Terry Harper,R,76,195,0.253,36,2.57
Jerry Royster,R,72,165,0.249,40,2.29
Barry Bonnell,R,75,190,0.272,56,2.53
Tom Seaver,R,73,195,0.154,12,2.67
Jerry Martin,R,73,195,0.251,85,2.67
Bill Stein,R,70,170,0.267,44,2.43
Joel Youngblood,R,72,180,0.265,80,2.5
Phil Gagliano,R,73,180,0.238,14,2.47
Jerry McNertney,R,72,180,0.237,27,2.5
Kiko Garcia,R,71,180,0.239,12,2.54
John Caneira,R,75,180,0,0,2.4
Domingo Ramos,R,70,154,0.24,8,2.2
Clint Zavaras,R,73,175,0,0,2.4
Mike Parrott,R,76,210,0,0,2.76
Ray Fosse,R,74,215,0.256,61,2.91
Luis Aponte,R,72,185,0,0,2.57
Orlando Mercado,R,72,180,0.199,7,2.5
Charley Smith,R,73,170,0.239,69,2.33
Paul Boris,R,74,200,0,0,2.7
De Wayne Buice,R,72,170,0,0,2.36
Bob Uecker,R,73,190,0.2,14,2.6
Felix Torres,R,71,165,0.254,27,2.32
Ray Knight,R,73,185,0.271,84,2.53
Bobby Grich,R,74,180,0.266,224,2.43
John Boccabella,R,73,195,0.219,26,2.67
Mark Esser,R,73,190,0,0,2.6
Daryl Smith,R,76,185,0,0,2.43
Dave Smith,R,73,190,0,0,2.6
Buddy Bradford,R,71,170,0.226,52,2.39
Dave Stapleton,R,73,178,0.271,41,2.44
Gary Ward,R,74,195,0.276,130,2.64
Jim Lonborg,R,77,200,0.136,3,2.6
Joe Lis,R,72,175,0.233,32,2.43
Tom Klawitter,R,74,190,0,0,2.57
Larry Herndon,R,75,190,0.274,107,2.53
Jim Wright,R,77,205,0,0,2.66
Jim Wright,R,73,165,0,0,2.26
Eddie Leon,R,72,170,0.236,24,2.36
Jim Wohlford,R,71,175,0.26,21,2.46
J.R. Richard,R,80,222,0.168,10,2.78
Keith Moreland,R,72,190,0.279,121,2.64
Ramon Pena,R,70,155,0,0,2.21
Alex Johnson,R,72,205,0.288,78,2.85
Chico Escarrega,R,71,185,0,0,2.61
Dave Rosello,R,71,160,0.236,10,2.25
Cardell Camper,R,75,208,0,0,2.77
Paul Schaal,R,71,165,0.244,57,2.32
Tito Landrum,R,71,175,0.249,13,2.46
Dave Edwards,R,72,170,0.237,14,2.36
Mario Guerrero,R,70,155,0.257,7,2.21
Mike Overy,R,74,190,0,0,2.57
Doug Griffin,R,72,160,0.245,7,2.22
Steve Blass,R,72,165,0.172,1,2.29
Johnnie LeMaster,R,74,165,0.222,22,2.23
Craig Chamberlain,R,73,190,0,0,2.6
Nate Oliver,R,70,160,0.226,2,2.29
Ken Rudolph,R,73,180,0.213,6,2.47
Wayne Nordhagen,R,74,205,0.282,39,2.77
Frank Eufemia,R,71,185,0,0,2.61
Andre Robertson,R,70,155,0.251,5,2.21
Jerry Zimmerman,R,74,185,0.204,3,2.5
Jack Lazorko,R,71,200,0,0,2.82
Mike Paxton,R,71,190,0,0,2.68
Chet Lemon,R,72,190,0.273,215,2.64
Rickey Keeton,R,74,190,0,0,2.57
Cleon Jones,R,72,185,0.281,93,2.57
Curt Motton,R,68,164,0.213,25,2.41
Johnny Bench,R,73,197,0.267,389,2.7
Dale Berra,R,72,180,0.236,49,2.5
Terry Felton,R,73,180,0,0,2.47
Mark Clear,R,76,200,0,0,2.63
Carl Warwick,R,70,170,0.248,31,2.43
Sam Bowens,R,73,188,0.223,45,2.58
Luis Aguayo,R,69,173,0.236,37,2.51
Hal Lanier,R,74,180,0.228,8,2.43
Greg Pryor,R,72,180,0.25,14,2.5
Dave Nelson,R,70,160,0.244,20,2.29
Lynn Jones,R,69,175,0.252,7,2.54
Ken Suarez,R,69,175,0.227,5,2.54
Rich Barnes,R,76,186,0,0,2.45
Tommie Agee,R,71,195,0.255,130,2.75
Bob Bailey,R,73,180,0.257,189,2.47
Cap Peterson,R,74,195,0.23,19,2.64
Dick Tracewski,R,71,160,0.213,8,2.25
Dave Frost,R,78,235,0,0,3.01
Bill Nahorodny,R,74,200,0.241,25,2.7
Bill Madlock,R,71,180,0.305,163,2.54
Bob Boone,R,74,195,0.254,105,2.64
Rick Burleson,R,70,165,0.273,50,2.36
Jim Dorsey,R,79,190,0,0,2.41
Mark Ciardi,R,72,180,0,0,2.5
Dennis Burtt,R,72,180,0,0,2.5
Carl Taylor,R,74,200,0.266,10,2.7
Terry Harmon,R,74,180,0.233,4,2.43
Rich Yett,R,74,187,0,0,2.53
Don Leppert,R,74,220,0.229,15,2.97
Matt Williams,R,73,200,0,0,2.74
Jim Burton,R,75,195,0,0,2.6
Rick Anderson,R,74,210,0,0,2.84
Charlie Mitchell,R,75,170,0,0,2.27
Bill Paschall,R,72,175,0,0,2.43
Byron McLaughlin,R,73,175,0,0,2.4
Lee May,R,75,195,0.267,354,2.6
Rick Renick,R,72,188,0.221,20,2.61
Jeff Torborg,R,72,195,0.214,8,2.71
Dave Campbell,R,73,180,0.213,20,2.47
Rick Auerbach,R,72,165,0.22,9,2.29
Keith Macwhorter,R,76,190,0,0,2.5
Don Wilson,R,74,195,0.146,1,2.64
Jaime Cocanower,R,76,200,0,0,2.63
Jeff Sellers,R,73,175,0,0,2.4
Steve Senteney,R,74,205,0,0,2.77
Howard Bailey,R,72,195,0,0,2.71
Jeff Bettendorf,R,75,180,0,0,2.4
Cesar Cedeno,R,74,175,0.285,199,2.36
Bob Davidson,R,72,185,0,0,2.57
Phil Linz,R,73,180,0.235,11,2.47
Manny Mota,R,70,160,0.304,31,2.29
Steve Renko,R,77,230,0.215,6,2.99
Carlos Velazquez,R,71,180,0,0,2.54
Roger Miller,R,75,200,0,0,2.67
Doug DeCinces,R,74,190,0.259,237,2.57
John Castino,R,71,175,0.278,41,2.46
Ron Washington,R,71,155,0.261,20,2.18
Billy Grabarkewitz,R,70,165,0.236,28,2.36
Earl Williams,R,75,215,0.247,138,2.87
Willie Mueller,R,76,220,0,0,2.89
John Flinn,R,72,175,0,0,2.43
Don Hahn,R,73,180,0.236,7,2.47
Todd Cruz,R,72,175,0.22,34,2.43
Tom Egan,R,76,218,0.2,22,2.87
Bob Heise,R,72,175,0.247,1,2.43
Tommy Harper,R,69,165,0.257,146,2.39
Max Alvis,R,71,185,0.247,111,2.61
Rico Carty,R,75,200,0.299,204,2.67
Les Straker,R,73,193,0,0,2.64
Damaso Garcia,R,73,165,0.283,36,2.26
Don Kainer,R,75,205,0,0,2.73
Don Gordon,R,73,175,0,0,2.4
Sandy Wihtol,R,73,195,0,0,2.67
Sonny Siebert,R,75,190,0.173,12,2.53
Jeff Richardson,R,75,185,0,0,2.47
Bobby Darwin,R,74,190,0.251,83,2.57
Bruce Miller,R,73,185,0.246,1,2.53
Bob Bailor,R,71,170,0.264,9,2.39
Tommy Helms,R,70,165,0.269,34,2.36
Tony Armas,R,71,182,0.252,251,2.56
Willie Horton,R,71,209,0.273,325,2.94
Lou Piniella,R,72,182,0.291,102,2.53
Butch Hobson,R,73,193,0.248,98,2.64
John Wathan,R,74,205,0.262,21,2.77
Mike Krukow,R,77,205,0.193,5,2.66
Andres Mora,R,72,180,0.223,27,2.5
Barry Foote,R,75,205,0.23,57,2.73
Ron Clark,R,70,175,0.189,5,2.5
Jay Pettibone,R,76,182,0,0,2.39
Glen Cook,R,71,180,0,0,2.54
Julio Gotay,R,72,180,0.26,6,2.5
Gary Alexander,R,74,195,0.23,55,2.64
Andre Thornton,R,75,200,0.254,253,2.67
Bob Oliver,R,75,205,0.256,94,2.73
Bill Castro,R,71,170,0,0,2.39
Tom Buskey,R,75,200,0,0,2.67
Bruce Taylor,R,72,178,0,0,2.47
Stan Thomas,R,74,185,0,0,2.5
Bob Robertson,R,73,195,0.242,115,2.67
Larry Monroe,R,76,200,0,0,2.63
Roger Slagle,R,75,190,0,0,2.53
Ollie Brown,R,74,178,0.265,102,2.41
Frank Quilici,R,73,170,0.214,5,2.33
Curt Kaufman,R,74,175,0,0,2.36
De Wayne Vaughn,R,71,180,0,0,2.54
Rich Wortham,R,72,185,0,0,2.57
Bill Sample,R,69,175,0.272,46,2.54
Mike Bacsik,R,74,180,0,0,2.43
Craig Kusick,R,75,210,0.235,46,2.8
Glenn Hoffman,R,73,175,0.242,23,2.4
Russ Gibson,R,73,195,0.228,8,2.67
Phil Huffman,R,74,180,0,0,2.43
John Bateman,R,75,210,0.23,81,2.8
Luis Pujols,R,74,175,0.193,6,2.36
Joe Gaines,R,73,190,0.241,21,2.6
Doug Rader,R,74,208,0.251,155,2.81
Mickey Stanley,R,73,185,0.248,117,2.53
Steve Brown,R,77,200,0,0,2.6
Rick Lysander,R,74,190,0,0,2.57
Phil Bradley,R,72,185,0.286,78,2.57
Winston Llenas,R,70,165,0.23,3,2.36
Charlie Moore,R,71,180,0.261,36,2.54
Tommy John,R,75,180,0.157,5,2.4
Bruce Benedict,R,73,175,0.242,18,2.4
John Ellis,R,74,225,0.262,69,3.04
Mel Stottlemyre,R,72,190,0,0,2.64
David Green,R,75,170,0.268,31,2.27
Reid Nichols,R,71,165,0.266,22,2.32
Rick Reichardt,R,75,210,0.261,116,2.8
Luis Tiant,R,72,180,0.164,5,2.5
Alex Sanchez,R,74,185,0,0,2.5
Leon Roberts,R,75,200,0.267,78,2.67
Ray Burris,R,77,200,0.151,1,2.6
Paul Wilmet,R,71,170,0,0,2.39
Tom Grieve,R,74,190,0.249,65,2.57
Bob Forsch,R,76,200,0.213,12,2.63
Danny Cater,R,72,170,0.276,66,2.36
Bill Schroeder,R,74,200,0.24,61,2.7
Ron Reed,R,78,215,0.158,0,2.76
Fred Howard,R,75,190,0,0,2.53
Davey Johnson,R,73,170,0.261,136,2.33
Ellis Valentine,R,76,205,0.278,123,2.7
John Hoover,R,74,190,0,0,2.57
Dick Allen,R,71,187,0.292,351,2.63
Doug Ault,R,75,200,0.236,17,2.67
Mark Wagner,R,72,165,0.243,3,2.29
Mike Walters,R,77,203,0,0,2.64
Jake Wood,R,73,163,0.25,35,2.23
Bob Brower,R,71,185,0.242,17,2.61
Ray Culp,R,72,200,0.123,1,2.78
Ivan Murrell,R,74,195,0.236,33,2.64
Garth Iorg,R,71,170,0.258,20,2.39
Bob Brenly,R,74,210,0.247,91,2.84
Jim Rooker,R,72,195,0.201,7,2.71
Colby Ward,R,74,185,0,0,2.5
Jerry Morales,R,70,155,0.259,95,2.21
Davey Lopes,R,69,170,0.263,155,2.46
Catfish Hunter,R,72,190,0.226,6,2.64
Mario Soto,R,72,174,0.132,1,2.42
Jimmy Wynn,R,70,160,0.25,291,2.29
Hank Allen,R,72,190,0.241,6,2.64
Jim Fregosi,R,73,190,0.265,151,2.6
Pepe Frias,R,70,159,0.24,1,2.27
Mike Schmidt,R,74,195,0.267,548,2.64
Rey Quinones,R,71,160,0.243,29,2.25
Chuck Porter,R,75,187,0,0,2.49
Bert Campaneris,R,70,160,0.259,79,2.29
Bobby Valentine,R,70,189,0.26,12,2.7
Rob Andrews,R,72,185,0.251,3,2.57
Tom Dozier,R,74,190,0,0,2.57
Ron Swoboda,R,74,195,0.242,73,2.64
Bob Barton,R,72,175,0.226,9,2.43
Joe Torre,R,74,212,0.297,252,2.86
Al Ferrara,R,73,200,0.259,51,2.74
Rick Steirer,R,76,200,0,0,2.63
Sixto Lezcano,R,70,165,0.271,148,2.36
Al Lachowicz,R,75,198,0,0,2.64
Dave Nicholson,R,74,215,0.212,61,2.91
Freddie Patek,R,65,148,0.242,41,2.28
Ken Hubbs,R,74,175,0.247,14,2.36
Pepe Mangual,R,70,157,0.242,16,2.24
Tom McCarthy,R,72,180,0,0,2.5
Tom Lawless,R,71,170,0.207,2,2.39
Jerry Moses,R,75,210,0.251,25,2.8
Bobby Bonds,R,73,190,0.268,332,2.6
Dave McNally,R,71,185,0.133,9,2.61
Roy Foster,R,72,185,0.253,45,2.57
Denis Menke,R,72,185,0.25,101,2.57
Hal Breeden,R,74,200,0.243,21,2.7
Manny Trillo,R,73,150,0.263,61,2.05
Jackie Gutierrez,R,71,175,0.237,4,2.46
Fred Kendall,R,73,185,0.234,31,2.53
Mike Anderson,R,74,200,0.246,28,2.7
Jim Lewis,R,75,190,0,0,2.53
Joe Charboneau,R,74,205,0.266,29,2.77
Jimmie Schaffer,R,69,170,0.223,11,2.46
Junior Kennedy,R,71,175,0.248,4,2.46
Rod Gilbreath,R,74,180,0.248,14,2.43
Mark Brouhard,R,73,210,0.259,25,2.88
Chris Speier,R,73,175,0.246,112,2.4
Mike Fischlin,R,73,165,0.22,3,2.26
Don Money,R,73,170,0.261,176,2.33
Joe Rudi,R,74,200,0.264,179,2.7
Jim Rice,R,74,200,0.298,382,2.7
Shawn Holman,R,74,185,0,0,2.5
Alan Wirth,R,76,190,0,0,2.5
Gil Garrido,R,69,150,0.237,1,2.17
Marty Perez,R,71,160,0.246,22,2.25
Jerry Grote,R,70,185,0.252,39,2.64
Jim Beauchamp,R,74,190,0.231,14,2.57
Terry Wilshusen,R,74,210,0,0,2.84
Ron Brand,R,67,167,0.239,3,2.49
Leo Cardenas,R,71,150,0.257,118,2.11
Steve Ellsworth,R,80,220,0,0,2.75
Ron Cey,R,70,185,0.261,316,2.64
Skip Jutze,R,71,190,0.215,3,2.68
Ron LeFlore,R,72,200,0.288,59,2.78
Bill Russell,R,72,175,0.263,46,2.43
Gene Tenace,R,72,190,0.241,201,2.64
Bubba Morton,R,70,175,0.267,14,2.5
Ellie Rodriguez,R,71,185,0.245,16,2.61
Bryan Kelly,R,74,195,0,0,2.64
Bill Freehan,R,75,203,0.262,200,2.71
Steve Nicosia,R,70,185,0.248,11,2.64
Ted Savage,R,73,185,0.233,34,2.53
Pete Mackanin,R,74,190,0.226,30,2.57
Rich Dauer,R,72,180,0.257,43,2.5
Mick Kelleher,R,69,176,0.213,0,2.55
Don Sutton,R,73,185,0.144,0,2.53
Glenn Beckert,R,73,190,0.283,22,2.6
Ron Davis,R,72,175,0.233,10,2.43
Mike Shannon,R,75,195,0.255,68,2.6
John Leister,R,74,200,0,0,2.7
Don Cooper,R,73,185,0,0,2.53
Ed Romero,R,71,160,0.247,8,2.25
Rick Joseph,R,73,192,0.243,13,2.63
Bill Almon,R,75,180,0.254,36,2.4
Joe Ferguson,R,74,200,0.24,122,2.7
Jeff Jones,R,75,210,0,0,2.8
Jerry Terrell,R,71,165,0.253,4,2.32
Jerry Dybzinski,R,74,180,0.234,3,2.43
Gary Sutherland,R,72,185,0.243,24,2.57
Bob Coluccio,R,71,183,0.22,26,2.58
Ron Gardenhire,R,72,175,0.232,4,2.43
Alan Bannister,R,71,170,0.27,19,2.39
Bob Watson,R,72,201,0.295,184,2.79
Ken Harrelson,R,74,190,0.239,131,2.57
Bobby Wine,R,73,187,0.215,30,2.56
Stefan Wever,R,80,245,0,0,3.06
John Kennedy,R,72,185,0.225,32,2.57
Dave Johnson,R,73,183,0,0,2.51
Luis Melendez,R,72,165,0.248,9,2.29
Bill Plummer,R,73,190,0.188,14,2.6
Phil Niekro,R,73,180,0.169,7,2.47
Eric Hetzel,R,75,175,0,0,2.33
Ed Charles,R,70,170,0.263,86,2.43
Luis Gomez,R,69,150,0.21,0,2.17
Dave Lemanczyk,R,76,235,0,0,3.09
Al Jones,R,76,210,0,0,2.76
Floyd Rayford,R,70,190,0.244,38,2.71
Sam Hinds,R,78,215,0,0,2.76
Tony Conigliaro,R,75,185,0.264,166,2.47
Clay Christiansen,R,77,205,0,0,2.66
Jim Barr,R,75,205,0.162,1,2.73
Frank Duffy,R,73,180,0.232,26,2.47
Phil Garner,R,70,175,0.26,109,2.5
Larry Pashnick,R,75,205,0,0,2.73
Todd Fischer,R,70,170,0,0,2.43
